filename,label
Image_1.jpg,sitting
Image_4.jpg,sleeping
Image_6.jpg,sleeping
Image_15.jpg,sleeping
Image_33.jpg,sitting
Image_34.jpg,sitting
Image_35.jpg,sleeping
Image_37.jpg,standing
Image_38.jpg,standing
Image_45.jpg,sleeping
Image_48.jpg,sleeping
Image_50.jpg,standing
Image_62.jpg,sitting
Image_65.jpg,sleeping
Image_75.jpg,standing
Image_78.jpg,sitting
Image_82.jpg,sleeping
Image_85.jpg,standing
Image_107.jpg,standing
Image_109.jpg,sleeping
Image_114.jpg,standing
Image_116.jpg,sleeping
Image_122.jpg,sleeping
Image_124.jpg,sleeping
Image_130.jpg,sitting
Image_146.jpg,sitting
Image_157.jpg,sleeping
Image_159.jpg,sleeping
Image_162.jpg,sitting
Image_170.jpg,standing
Image_174.jpg,sleeping
Image_177.jpg,sleeping
Image_179.jpg,sleeping
Image_182.jpg,sleeping
Image_183.jpg,standing
Image_186.jpg,standing
Image_188.jpg,sitting
Image_195.jpg,sitting
Image_197.jpg,sitting
Image_201.jpg,sitting
Image_211.jpg,sleeping
Image_214.jpg,standing
Image_218.jpg,standing
Image_222.jpg,sitting
Image_224.jpg,standing
Image_228.jpg,standing
Image_233.jpg,standing
Image_235.jpg,sitting
Image_237.jpg,sitting
Image_238.jpg,standing
Image_239.jpg,sleeping
Image_242.jpg,sitting
Image_245.jpg,standing
Image_247.jpg,sitting
Image_258.jpg,sleeping
Image_260.jpg,standing
Image_261.jpg,sitting
Image_263.jpg,sleeping
Image_266.jpg,standing
Image_280.jpg,sleeping
Image_295.jpg,sleeping
Image_296.jpg,standing
Image_306.jpg,standing
Image_307.jpg,standing
Image_310.jpg,sitting
Image_312.jpg,standing
Image_316.jpg,standing
Image_328.jpg,standing
Image_330.jpg,sleeping
Image_335.jpg,standing
Image_339.jpg,sleeping
Image_341.jpg,sitting
Image_345.jpg,standing
Image_346.jpg,sleeping
Image_347.jpg,standing
Image_348.jpg,standing
Image_352.jpg,sitting
Image_359.jpg,sitting
Image_361.jpg,sleeping
Image_362.jpg,sitting
Image_364.jpg,sleeping
Image_367.jpg,sleeping
Image_368.jpg,sleeping
Image_380.jpg,sitting
Image_385.jpg,sleeping
Image_400.jpg,standing
Image_410.jpg,sleeping
Image_411.jpg,sleeping
Image_414.jpg,standing
Image_415.jpg,sitting
Image_420.jpg,sleeping
Image_428.jpg,standing
Image_450.jpg,standing
Image_452.jpg,sleeping
Image_453.jpg,sleeping
Image_455.jpg,sleeping
Image_457.jpg,sleeping
Image_462.jpg,sitting
Image_465.jpg,sitting
Image_467.jpg,sleeping
Image_481.jpg,sitting
Image_483.jpg,sleeping
Image_489.jpg,standing
Image_494.jpg,sitting
Image_496.jpg,sitting
Image_497.jpg,sleeping
Image_503.jpg,sleeping
Image_506.jpg,sitting
Image_511.jpg,sitting
Image_517.jpg,standing
Image_521.jpg,sleeping
Image_531.jpg,standing
Image_537.jpg,sitting
Image_542.jpg,sitting
Image_547.jpg,sitting
Image_548.jpg,sitting
Image_550.jpg,sitting
Image_555.jpg,sitting
Image_557.jpg,standing
Image_558.jpg,sleeping
Image_564.jpg,standing
Image_569.jpg,sleeping
Image_573.jpg,sitting
Image_582.jpg,standing
Image_585.jpg,standing
Image_588.jpg,sitting
Image_589.jpg,sitting
Image_592.jpg,sitting
Image_597.jpg,sitting
Image_603.jpg,sleeping
Image_604.jpg,standing
Image_608.jpg,sleeping
Image_612.jpg,sitting
Image_614.jpg,standing
Image_616.jpg,standing
Image_618.jpg,sitting
Image_619.jpg,standing
Image_620.jpg,standing
Image_635.jpg,standing
Image_641.jpg,standing
Image_657.jpg,sitting
Image_662.jpg,sleeping
Image_665.jpg,sleeping
Image_666.jpg,sitting
Image_671.jpg,standing
Image_672.jpg,standing
Image_673.jpg,sitting
Image_677.jpg,standing
Image_684.jpg,standing
Image_686.jpg,sleeping
Image_697.jpg,sleeping
Image_710.jpg,standing
Image_714.jpg,sleeping
Image_718.jpg,sitting
Image_720.jpg,sleeping
Image_723.jpg,standing
Image_724.jpg,sitting
Image_728.jpg,sitting
Image_733.jpg,sitting
Image_736.jpg,sitting
Image_740.jpg,sleeping
Image_752.jpg,standing
Image_761.jpg,sitting
Image_762.jpg,sitting
Image_765.jpg,standing
Image_767.jpg,sleeping
Image_770.jpg,sitting
Image_771.jpg,sleeping
Image_777.jpg,sleeping
Image_779.jpg,sleeping
Image_786.jpg,sleeping
Image_787.jpg,standing
Image_791.jpg,sleeping
Image_801.jpg,sleeping
Image_813.jpg,sitting
Image_818.jpg,sitting
Image_821.jpg,standing
Image_824.jpg,standing
Image_825.jpg,sitting
Image_828.jpg,sleeping
Image_829.jpg,sitting
Image_856.jpg,sitting
Image_861.jpg,standing
Image_863.jpg,sitting
Image_870.jpg,sitting
Image_873.jpg,sleeping
Image_875.jpg,sleeping
Image_879.jpg,sleeping
Image_881.jpg,sitting
Image_892.jpg,standing
Image_895.jpg,standing
Image_900.jpg,sleeping
Image_902.jpg,sleeping
Image_904.jpg,standing
Image_907.jpg,sitting
Image_908.jpg,sleeping
Image_920.jpg,sitting
Image_923.jpg,sitting
Image_942.jpg,sitting
Image_943.jpg,sitting
Image_946.jpg,standing
Image_950.jpg,sleeping
Image_952.jpg,sitting
Image_956.jpg,sleeping
Image_958.jpg,sitting
Image_960.jpg,sleeping
Image_963.jpg,sleeping
Image_978.jpg,sitting
Image_979.jpg,sitting
Image_987.jpg,standing
Image_1002.jpg,sleeping
Image_1009.jpg,sleeping
Image_1012.jpg,standing
Image_1020.jpg,sitting
Image_1025.jpg,sitting
Image_1030.jpg,sitting
Image_1032.jpg,sitting
Image_1034.jpg,standing
Image_1035.jpg,sleeping
Image_1039.jpg,standing
Image_1040.jpg,sitting
Image_1045.jpg,sitting
Image_1053.jpg,sleeping
Image_1061.jpg,standing
Image_1063.jpg,sleeping
Image_1066.jpg,sitting
Image_1067.jpg,sleeping
Image_1074.jpg,sleeping
Image_1084.jpg,sleeping
Image_1088.jpg,standing
Image_1094.jpg,standing
Image_1108.jpg,sleeping
Image_1109.jpg,sitting
Image_1120.jpg,sleeping
Image_1124.jpg,standing
Image_1132.jpg,sleeping
Image_1147.jpg,sitting
Image_1148.jpg,standing
Image_1162.jpg,sleeping
Image_1163.jpg,standing
Image_1167.jpg,sitting
Image_1169.jpg,sitting
Image_1171.jpg,sleeping
Image_1174.jpg,standing
Image_1181.jpg,standing
Image_1184.jpg,sleeping
Image_1186.jpg,sleeping
Image_1189.jpg,sleeping
Image_1192.jpg,standing
Image_1194.jpg,standing
Image_1196.jpg,sitting
Image_1200.jpg,sleeping
Image_1204.jpg,standing
Image_1210.jpg,sitting
Image_1213.jpg,sleeping
Image_1214.jpg,sleeping
Image_1217.jpg,sleeping
Image_1220.jpg,sleeping
Image_1228.jpg,sleeping
Image_1235.jpg,standing
Image_1237.jpg,sleeping
Image_1242.jpg,standing
Image_1250.jpg,sitting
Image_1258.jpg,sleeping
Image_1265.jpg,standing
Image_1266.jpg,sleeping
Image_1268.jpg,standing
Image_1276.jpg,sleeping
Image_1301.jpg,standing
Image_1305.jpg,standing
Image_1308.jpg,sitting
Image_1315.jpg,sleeping
Image_1317.jpg,sleeping
Image_1323.jpg,standing
Image_1326.jpg,sitting
Image_1332.jpg,standing
Image_1336.jpg,sleeping
Image_1338.jpg,sitting
Image_1345.jpg,sleeping
Image_1357.jpg,sitting
Image_1358.jpg,standing
Image_1364.jpg,sitting
Image_1368.jpg,sitting
Image_1371.jpg,standing
Image_1375.jpg,standing
Image_1377.jpg,sitting
Image_1394.jpg,standing
Image_1397.jpg,standing
Image_1398.jpg,sleeping
Image_1407.jpg,sleeping
Image_1410.jpg,sitting
Image_1411.jpg,standing
Image_1425.jpg,sleeping
Image_1430.jpg,standing
Image_1433.jpg,sleeping
Image_1453.jpg,sitting
Image_1460.jpg,sleeping
Image_1461.jpg,sleeping
Image_1462.jpg,standing
Image_1466.jpg,sleeping
Image_1475.jpg,sitting
Image_1477.jpg,sleeping
Image_1482.jpg,sitting
Image_1484.jpg,standing
Image_1485.jpg,sleeping
Image_1498.jpg,standing
Image_1508.jpg,standing
Image_1509.jpg,standing
Image_1510.jpg,sleeping
Image_1511.jpg,standing
Image_1512.jpg,standing
Image_1515.jpg,standing
Image_1520.jpg,sitting
Image_1521.jpg,sleeping
Image_1525.jpg,standing
Image_1532.jpg,sleeping
Image_1533.jpg,sitting
Image_1534.jpg,sitting
Image_1535.jpg,sitting
Image_1541.jpg,standing
Image_1542.jpg,standing
Image_1544.jpg,sleeping
Image_1545.jpg,sitting
Image_1546.jpg,standing
Image_1550.jpg,sleeping
Image_1553.jpg,standing
Image_1562.jpg,sleeping
Image_1572.jpg,sitting
Image_1576.jpg,standing
Image_1580.jpg,sleeping
Image_1581.jpg,standing
Image_1584.jpg,sleeping
Image_1585.jpg,sitting
Image_1587.jpg,sleeping
Image_1589.jpg,sitting
Image_1604.jpg,sitting
Image_1606.jpg,sitting
Image_1613.jpg,sitting
Image_1614.jpg,standing
Image_1618.jpg,sleeping
Image_1619.jpg,sitting
Image_1622.jpg,standing
Image_1640.jpg,sitting
Image_1644.jpg,sitting
Image_1645.jpg,sleeping
Image_1651.jpg,sleeping
Image_1655.jpg,standing
Image_1658.jpg,sleeping
Image_1664.jpg,sleeping
Image_1682.jpg,sleeping
Image_1683.jpg,sitting
Image_1692.jpg,sleeping
Image_1699.jpg,standing
Image_1708.jpg,sitting
Image_1714.jpg,sleeping
Image_1717.jpg,sitting
Image_1718.jpg,sleeping
Image_1722.jpg,standing
Image_1728.jpg,sitting
Image_1729.jpg,sitting
Image_1731.jpg,sleeping
Image_1736.jpg,sitting
Image_1750.jpg,standing
Image_1758.jpg,standing
Image_1764.jpg,sleeping
Image_1771.jpg,sleeping
Image_1779.jpg,sleeping
Image_1782.jpg,standing
Image_1786.jpg,sleeping
Image_1788.jpg,sitting
Image_1789.jpg,sitting
Image_1790.jpg,sleeping
Image_1794.jpg,sleeping
Image_1797.jpg,standing
Image_1806.jpg,sitting
Image_1810.jpg,sitting
Image_1816.jpg,sleeping
Image_1818.jpg,sleeping
Image_1829.jpg,sitting
Image_1834.jpg,standing
Image_1843.jpg,standing
Image_1844.jpg,sitting
Image_1845.jpg,sitting
Image_1846.jpg,sleeping
Image_1847.jpg,sleeping
Image_1860.jpg,sleeping
Image_1863.jpg,sleeping
Image_1867.jpg,sitting
Image_1872.jpg,sitting
Image_1882.jpg,standing
Image_1894.jpg,standing
Image_1896.jpg,sleeping
Image_1898.jpg,sleeping
Image_1900.jpg,sitting
Image_1906.jpg,sleeping
Image_1908.jpg,sitting
Image_1911.jpg,standing
Image_1915.jpg,sitting
Image_1918.jpg,sleeping
Image_1925.jpg,standing
Image_1943.jpg,sitting
Image_1950.jpg,standing
Image_1952.jpg,standing
Image_1967.jpg,sitting
Image_1971.jpg,sitting
Image_1972.jpg,sitting
Image_1981.jpg,sitting
Image_1983.jpg,sleeping
Image_1989.jpg,standing
Image_1991.jpg,sleeping
Image_1997.jpg,standing
Image_2001.jpg,sleeping
Image_2006.jpg,sleeping
Image_2022.jpg,sitting
Image_2025.jpg,sitting
Image_2030.jpg,sitting
Image_2032.jpg,sleeping
Image_2033.jpg,standing
Image_2034.jpg,sitting
Image_2038.jpg,standing
Image_2048.jpg,sitting
Image_2050.jpg,sleeping
Image_2061.jpg,standing
Image_2064.jpg,standing
Image_2065.jpg,sitting
Image_2069.jpg,sleeping
Image_2071.jpg,sleeping
Image_2073.jpg,standing
Image_2075.jpg,sitting
Image_2080.jpg,standing
Image_2081.jpg,sleeping
Image_2085.jpg,sitting
Image_2091.jpg,sitting
Image_2097.jpg,standing
Image_2103.jpg,sitting
Image_2119.jpg,sitting
Image_2124.jpg,sitting
Image_2131.jpg,sleeping
Image_2137.jpg,sitting
Image_2140.jpg,sleeping
Image_2141.jpg,sitting
Image_2153.jpg,sleeping
Image_2157.jpg,sitting
Image_2161.jpg,sleeping
Image_2176.jpg,standing
Image_2177.jpg,standing
Image_2178.jpg,sleeping
Image_2191.jpg,sleeping
Image_2199.jpg,sleeping
Image_2204.jpg,sitting
Image_2211.jpg,sitting
Image_2213.jpg,standing
Image_2214.jpg,standing
Image_2229.jpg,standing
Image_2233.jpg,standing
Image_2236.jpg,standing
Image_2239.jpg,sitting
Image_2240.jpg,standing
Image_2261.jpg,sleeping
Image_2264.jpg,sitting
Image_2266.jpg,standing
Image_2268.jpg,sleeping
Image_2272.jpg,sitting
Image_2275.jpg,standing
Image_2279.jpg,sitting
Image_2285.jpg,sitting
Image_2291.jpg,standing
Image_2297.jpg,sleeping
Image_2300.jpg,sleeping
Image_2304.jpg,sitting
Image_2310.jpg,sleeping
Image_2326.jpg,sleeping
Image_2327.jpg,standing
Image_2328.jpg,standing
Image_2329.jpg,sleeping
Image_2331.jpg,sitting
Image_2342.jpg,standing
Image_2343.jpg,sitting
Image_2344.jpg,sleeping
Image_2354.jpg,standing
Image_2355.jpg,sitting
Image_2368.jpg,standing
Image_2372.jpg,sitting
Image_2375.jpg,sleeping
Image_2379.jpg,sitting
Image_2381.jpg,sitting
Image_2389.jpg,sleeping
Image_2400.jpg,sitting
Image_2408.jpg,sleeping
Image_2410.jpg,sitting
Image_2417.jpg,sitting
Image_2426.jpg,sitting
Image_2430.jpg,standing
Image_2436.jpg,standing
Image_2462.jpg,sitting
Image_2463.jpg,sitting
Image_2464.jpg,standing
Image_2471.jpg,sleeping
Image_2479.jpg,sleeping
Image_2480.jpg,standing
Image_2488.jpg,sleeping
Image_2491.jpg,sitting
Image_2509.jpg,sleeping
Image_2510.jpg,standing
Image_2512.jpg,sitting
Image_2519.jpg,sitting
Image_2522.jpg,standing
Image_2538.jpg,sleeping
Image_2539.jpg,standing
Image_2549.jpg,sitting
Image_2563.jpg,sitting
Image_2568.jpg,sleeping
Image_2569.jpg,sleeping
Image_2576.jpg,standing
Image_2579.jpg,sleeping
Image_2581.jpg,sitting
Image_2584.jpg,standing
Image_2586.jpg,sleeping
Image_2594.jpg,standing
Image_2595.jpg,standing
Image_2596.jpg,sitting
Image_2599.jpg,sleeping
Image_2601.jpg,sleeping
Image_2602.jpg,sitting
Image_2605.jpg,sitting
Image_2610.jpg,sleeping
Image_2612.jpg,standing
Image_2615.jpg,sitting
Image_2618.jpg,sitting
Image_2622.jpg,sitting
Image_2625.jpg,sitting
Image_2636.jpg,sitting
Image_2639.jpg,sleeping
Image_2643.jpg,standing
Image_2648.jpg,sitting
Image_2652.jpg,sitting
Image_2655.jpg,standing
Image_2657.jpg,sitting
Image_2658.jpg,sleeping
Image_2659.jpg,sitting
Image_2662.jpg,standing
Image_2665.jpg,standing
Image_2667.jpg,standing
Image_2669.jpg,standing
Image_2674.jpg,sitting
Image_2682.jpg,sitting
Image_2683.jpg,sleeping
Image_2685.jpg,standing
Image_2686.jpg,sleeping
Image_2687.jpg,sleeping
Image_2688.jpg,sleeping
Image_2690.jpg,sleeping
Image_2693.jpg,sitting
Image_2694.jpg,standing
Image_2700.jpg,sleeping
Image_2701.jpg,sleeping
Image_2707.jpg,standing
Image_2712.jpg,sitting
Image_2718.jpg,standing
Image_2720.jpg,sleeping
Image_2723.jpg,standing
Image_2738.jpg,standing
Image_2744.jpg,standing
Image_2747.jpg,sleeping
Image_2756.jpg,sitting
Image_2777.jpg,sitting
Image_2779.jpg,sleeping
Image_2784.jpg,sleeping
Image_2785.jpg,sleeping
Image_2792.jpg,sleeping
Image_2793.jpg,sitting
Image_2794.jpg,sitting
Image_2796.jpg,sitting
Image_2798.jpg,standing
Image_2799.jpg,sleeping
Image_2801.jpg,standing
Image_2807.jpg,standing
Image_2808.jpg,sitting
Image_2815.jpg,sitting
Image_2820.jpg,standing
Image_2827.jpg,standing
Image_2828.jpg,sitting
Image_2833.jpg,sleeping
Image_2840.jpg,sitting
Image_2847.jpg,sitting
Image_2852.jpg,sleeping
Image_2860.jpg,standing
Image_2862.jpg,sleeping
Image_2867.jpg,sleeping
Image_2869.jpg,sleeping
Image_2879.jpg,standing
Image_2888.jpg,sitting
Image_2906.jpg,sleeping
Image_2909.jpg,standing
Image_2929.jpg,sleeping
Image_2930.jpg,sleeping
Image_2933.jpg,standing
Image_2934.jpg,sitting
Image_2935.jpg,sitting
Image_2940.jpg,sleeping
Image_2941.jpg,sitting
Image_2942.jpg,sleeping
Image_2944.jpg,standing
Image_2946.jpg,sitting
Image_2955.jpg,sitting
Image_2964.jpg,sleeping
Image_2969.jpg,standing
Image_2979.jpg,sleeping
Image_2983.jpg,sleeping
Image_2996.jpg,standing
Image_2999.jpg,sitting
Image_3001.jpg,standing
Image_3007.jpg,sleeping
Image_3017.jpg,sitting
Image_3021.jpg,sleeping
Image_3023.jpg,sitting
Image_3028.jpg,standing
Image_3041.jpg,standing
Image_3046.jpg,standing
Image_3050.jpg,standing
Image_3052.jpg,sitting
Image_3056.jpg,standing
Image_3058.jpg,standing
Image_3062.jpg,sitting
Image_3064.jpg,sleeping
Image_3065.jpg,sleeping
Image_3088.jpg,sitting
Image_3094.jpg,sitting
Image_3104.jpg,standing
Image_3115.jpg,sitting
Image_3117.jpg,sleeping
Image_3118.jpg,standing
Image_3125.jpg,sitting
Image_3133.jpg,standing
Image_3142.jpg,standing
Image_3150.jpg,standing
Image_3151.jpg,sitting
Image_3158.jpg,standing
Image_3159.jpg,standing
Image_3163.jpg,sleeping
Image_3174.jpg,sitting
Image_3177.jpg,standing
Image_3178.jpg,sitting
Image_3185.jpg,standing
Image_3187.jpg,sitting
Image_3198.jpg,sitting
Image_3200.jpg,sitting
Image_3205.jpg,standing
Image_3210.jpg,sleeping
Image_3231.jpg,sleeping
Image_3239.jpg,sleeping
Image_3243.jpg,sitting
Image_3253.jpg,standing
Image_3255.jpg,sleeping
Image_3258.jpg,standing
Image_3262.jpg,standing
Image_3273.jpg,sleeping
Image_3274.jpg,sleeping
Image_3280.jpg,sitting
Image_3284.jpg,standing
Image_3289.jpg,sitting
Image_3291.jpg,sitting
Image_3299.jpg,standing
Image_3307.jpg,sleeping
Image_3314.jpg,sleeping
Image_3315.jpg,sitting
Image_3316.jpg,sitting
Image_3319.jpg,sleeping
Image_3323.jpg,standing
Image_3325.jpg,standing
Image_3330.jpg,standing
Image_3331.jpg,sleeping
Image_3337.jpg,sleeping
Image_3338.jpg,standing
Image_3342.jpg,sleeping
Image_3344.jpg,sitting
Image_3359.jpg,sleeping
Image_3360.jpg,sitting
Image_3370.jpg,sitting
Image_3376.jpg,standing
Image_3382.jpg,sitting
Image_3385.jpg,sleeping
Image_3390.jpg,sleeping
Image_3392.jpg,sleeping
Image_3405.jpg,standing
Image_3417.jpg,standing
Image_3427.jpg,sitting
Image_3428.jpg,standing
Image_3438.jpg,sitting
Image_3440.jpg,sleeping
Image_3443.jpg,standing
Image_3445.jpg,sleeping
Image_3451.jpg,sitting
Image_3474.jpg,sitting
Image_3479.jpg,standing
Image_3481.jpg,standing
Image_3494.jpg,sitting
Image_3495.jpg,sitting
Image_3497.jpg,sitting
Image_3499.jpg,sitting
Image_3515.jpg,standing
Image_3518.jpg,sleeping
Image_3526.jpg,sleeping
Image_3529.jpg,sleeping
Image_3531.jpg,standing
Image_3535.jpg,sleeping
Image_3539.jpg,standing
Image_3542.jpg,sitting
Image_3544.jpg,sleeping
Image_3554.jpg,sleeping
Image_3555.jpg,sitting
Image_3562.jpg,sleeping
Image_3564.jpg,sleeping
Image_3568.jpg,standing
Image_3573.jpg,standing
Image_3574.jpg,sitting
Image_3575.jpg,sleeping
Image_3580.jpg,sitting
Image_3589.jpg,standing
Image_3590.jpg,standing
Image_3597.jpg,sitting
Image_3599.jpg,sitting
Image_3606.jpg,sitting
Image_3621.jpg,sleeping
Image_3631.jpg,standing
Image_3638.jpg,sitting
Image_3648.jpg,standing
Image_3663.jpg,standing
Image_3664.jpg,sitting
Image_3670.jpg,sleeping
Image_3671.jpg,sitting
Image_3679.jpg,sleeping
Image_3681.jpg,standing
Image_3687.jpg,standing
Image_3689.jpg,sitting
Image_3712.jpg,standing
Image_3713.jpg,sleeping
Image_3716.jpg,sitting
Image_3717.jpg,sleeping
Image_3732.jpg,sleeping
Image_3734.jpg,sitting
Image_3738.jpg,sitting
Image_3744.jpg,sitting
Image_3747.jpg,sleeping
Image_3750.jpg,sleeping
Image_3751.jpg,sleeping
Image_3752.jpg,standing
Image_3758.jpg,standing
Image_3762.jpg,sleeping
Image_3764.jpg,standing
Image_3770.jpg,sleeping
Image_3772.jpg,standing
Image_3774.jpg,sitting
Image_3778.jpg,standing
Image_3779.jpg,sitting
Image_3780.jpg,standing
Image_3782.jpg,sleeping
Image_3789.jpg,sitting
Image_3790.jpg,sleeping
Image_3791.jpg,sitting
Image_3792.jpg,sitting
Image_3794.jpg,sleeping
Image_3801.jpg,standing
Image_3808.jpg,standing
Image_3809.jpg,sleeping
Image_3816.jpg,sleeping
Image_3820.jpg,sleeping
Image_3823.jpg,standing
Image_3825.jpg,sleeping
Image_3829.jpg,sitting
Image_3832.jpg,standing
Image_3836.jpg,sleeping
Image_3837.jpg,standing
Image_3841.jpg,standing
Image_3842.jpg,sitting
Image_3843.jpg,standing
Image_3854.jpg,standing
Image_3857.jpg,standing
Image_3859.jpg,sleeping
Image_3865.jpg,sitting
Image_3868.jpg,standing
Image_3872.jpg,sleeping
Image_3873.jpg,sleeping
Image_3883.jpg,sitting
Image_3890.jpg,sleeping
Image_3892.jpg,sitting
Image_3898.jpg,sleeping
Image_3903.jpg,sitting
Image_3904.jpg,sitting
Image_3911.jpg,standing
Image_3913.jpg,sleeping
Image_3929.jpg,standing
Image_3931.jpg,sitting
Image_3944.jpg,sitting
Image_3945.jpg,sleeping
Image_3947.jpg,sleeping
Image_3954.jpg,sitting
Image_3955.jpg,standing
Image_3961.jpg,sleeping
Image_3970.jpg,standing
Image_3985.jpg,standing
Image_4001.jpg,sitting
Image_4003.jpg,sitting
Image_4004.jpg,sleeping
Image_4005.jpg,sitting
Image_4010.jpg,sitting
Image_4012.jpg,sitting
Image_4014.jpg,standing
Image_4019.jpg,sitting
Image_4021.jpg,sleeping
Image_4023.jpg,standing
Image_4024.jpg,sitting
Image_4029.jpg,sleeping
Image_4032.jpg,standing
Image_4045.jpg,standing
Image_4048.jpg,sitting
Image_4051.jpg,sitting
Image_4080.jpg,sitting
Image_4081.jpg,standing
Image_4086.jpg,standing
Image_4092.jpg,standing
Image_4094.jpg,standing
Image_4096.jpg,standing
Image_4097.jpg,standing
Image_4100.jpg,standing
Image_4107.jpg,sleeping
Image_4108.jpg,sleeping
Image_4111.jpg,sitting
Image_4115.jpg,sitting
Image_4123.jpg,standing
Image_4124.jpg,sleeping
Image_4126.jpg,sleeping
Image_4134.jpg,sitting
Image_4138.jpg,sitting
Image_4143.jpg,sitting
Image_4164.jpg,standing
Image_4172.jpg,sleeping
Image_4189.jpg,sleeping
Image_4191.jpg,sleeping
Image_4192.jpg,standing
Image_4198.jpg,standing
Image_4201.jpg,standing
Image_4202.jpg,sitting
Image_4203.jpg,standing
Image_4212.jpg,sitting
Image_4223.jpg,sleeping
Image_4231.jpg,sitting
Image_4233.jpg,sleeping
Image_4237.jpg,sleeping
Image_4238.jpg,sleeping
Image_4239.jpg,sitting
Image_4245.jpg,sitting
Image_4246.jpg,sitting
Image_4249.jpg,sleeping
Image_4262.jpg,standing
Image_4266.jpg,sitting
Image_4269.jpg,standing
Image_4276.jpg,sleeping
Image_4287.jpg,standing
Image_4292.jpg,standing
Image_4299.jpg,sleeping
Image_4305.jpg,sitting
Image_4310.jpg,sitting
Image_4318.jpg,sleeping
Image_4319.jpg,sleeping
Image_4329.jpg,sitting
Image_4330.jpg,standing
Image_4338.jpg,sleeping
Image_4340.jpg,standing
Image_4343.jpg,sleeping
Image_4352.jpg,sleeping
Image_4357.jpg,standing
Image_4360.jpg,sitting
Image_4366.jpg,sitting
Image_4367.jpg,standing
Image_4369.jpg,sleeping
Image_4375.jpg,standing
Image_4383.jpg,sitting
Image_4388.jpg,standing
Image_4393.jpg,sleeping
Image_4394.jpg,sleeping
Image_4397.jpg,sitting
Image_4400.jpg,sleeping
Image_4405.jpg,sitting
Image_4410.jpg,standing
Image_4414.jpg,sleeping
Image_4415.jpg,standing
Image_4417.jpg,sleeping
Image_4425.jpg,sleeping
Image_4432.jpg,standing
Image_4436.jpg,sitting
Image_4440.jpg,sitting
Image_4443.jpg,sitting
Image_4458.jpg,sleeping
Image_4463.jpg,sleeping
Image_4464.jpg,sitting
Image_4466.jpg,sleeping
Image_4502.jpg,sitting
Image_4504.jpg,sitting
Image_4511.jpg,sitting
Image_4514.jpg,sitting
Image_4519.jpg,sitting
Image_4523.jpg,sleeping
Image_4526.jpg,sleeping
Image_4533.jpg,sleeping
Image_4537.jpg,sitting
Image_4538.jpg,sleeping
Image_4542.jpg,standing
Image_4547.jpg,standing
Image_4549.jpg,standing
Image_4554.jpg,sitting
Image_4559.jpg,sleeping
Image_4560.jpg,sitting
Image_4565.jpg,sitting
Image_4567.jpg,sleeping
Image_4569.jpg,sitting
Image_4573.jpg,standing
Image_4582.jpg,sitting
Image_4584.jpg,sitting
Image_4585.jpg,sleeping
Image_4598.jpg,standing
Image_4599.jpg,standing
Image_4621.jpg,sitting
Image_4626.jpg,sleeping
Image_4627.jpg,sleeping
Image_4633.jpg,standing
Image_4634.jpg,standing
Image_4657.jpg,sleeping
Image_4659.jpg,sleeping
Image_4660.jpg,sitting
Image_4662.jpg,sleeping
Image_4667.jpg,sleeping
Image_4669.jpg,sleeping
Image_4670.jpg,standing
Image_4672.jpg,sleeping
Image_4673.jpg,sitting
Image_4675.jpg,sitting
Image_4676.jpg,sleeping
Image_4684.jpg,standing
Image_4692.jpg,sleeping
Image_4694.jpg,standing
Image_4696.jpg,standing
Image_4705.jpg,sitting
Image_4711.jpg,sitting
Image_4713.jpg,sitting
Image_4717.jpg,sleeping
Image_4720.jpg,standing
Image_4725.jpg,standing
Image_4731.jpg,standing
Image_4732.jpg,standing
Image_4735.jpg,sitting
Image_4744.jpg,sitting
Image_4746.jpg,standing
Image_4758.jpg,sitting
Image_4777.jpg,sitting
Image_4780.jpg,sitting
Image_4785.jpg,standing
Image_4786.jpg,sleeping
Image_4787.jpg,sitting
Image_4789.jpg,sleeping
Image_4790.jpg,standing
Image_4791.jpg,standing
Image_4793.jpg,sleeping
Image_4813.jpg,sleeping
Image_4816.jpg,sleeping
Image_4819.jpg,sitting
Image_4823.jpg,sitting
Image_4824.jpg,standing
Image_4827.jpg,sleeping
Image_4832.jpg,sleeping
Image_4835.jpg,standing
Image_4840.jpg,sleeping
Image_4846.jpg,standing
Image_4849.jpg,sitting
Image_4851.jpg,sleeping
Image_4859.jpg,sitting
Image_4860.jpg,standing
Image_4863.jpg,sleeping
Image_4867.jpg,standing
Image_4878.jpg,sleeping
Image_4887.jpg,sleeping
Image_4895.jpg,sleeping
Image_4896.jpg,sitting
Image_4904.jpg,sitting
Image_4905.jpg,sleeping
Image_4919.jpg,standing
Image_4921.jpg,sleeping
Image_4926.jpg,sitting
Image_4927.jpg,sitting
Image_4934.jpg,sitting
Image_4935.jpg,sitting
Image_4952.jpg,standing
Image_4963.jpg,standing
Image_4994.jpg,standing
Image_4996.jpg,sleeping
Image_5001.jpg,sleeping
Image_5002.jpg,sleeping
Image_5005.jpg,standing
Image_5010.jpg,sleeping
Image_5015.jpg,sitting
Image_5018.jpg,sleeping
Image_5019.jpg,sleeping
Image_5021.jpg,standing
Image_5026.jpg,standing
Image_5029.jpg,standing
Image_5040.jpg,sitting
Image_5054.jpg,sitting
Image_5065.jpg,standing
Image_5066.jpg,standing
Image_5068.jpg,sleeping
Image_5070.jpg,standing
Image_5073.jpg,sleeping
Image_5083.jpg,sitting
Image_5086.jpg,standing
Image_5087.jpg,sitting
Image_5091.jpg,sitting
Image_5093.jpg,sitting
Image_5096.jpg,sitting
Image_5104.jpg,standing
Image_5105.jpg,sleeping
Image_5106.jpg,standing
Image_5122.jpg,sleeping
Image_5128.jpg,standing
Image_5131.jpg,standing
Image_5137.jpg,sitting
Image_5139.jpg,sitting
Image_5144.jpg,standing
Image_5150.jpg,sleeping
Image_5153.jpg,sitting
Image_5155.jpg,standing
Image_5156.jpg,sitting
Image_5160.jpg,sitting
Image_5163.jpg,sleeping
Image_5180.jpg,standing
Image_5191.jpg,sleeping
Image_5192.jpg,sleeping
Image_5199.jpg,sleeping
Image_5201.jpg,standing
Image_5203.jpg,sitting
Image_5210.jpg,sitting
Image_5213.jpg,sleeping
Image_5236.jpg,standing
Image_5239.jpg,sitting
Image_5244.jpg,sleeping
Image_5255.jpg,standing
Image_5259.jpg,standing
Image_5261.jpg,sitting
Image_5267.jpg,sitting
Image_5268.jpg,sitting
Image_5275.jpg,standing
Image_5276.jpg,sleeping
Image_5280.jpg,sitting
Image_5282.jpg,sitting
Image_5283.jpg,sleeping
Image_5289.jpg,standing
Image_5296.jpg,standing
Image_5303.jpg,sleeping
Image_5307.jpg,sitting
Image_5311.jpg,sitting
Image_5315.jpg,sitting
Image_5317.jpg,sitting
Image_5319.jpg,standing
Image_5326.jpg,standing
Image_5333.jpg,sitting
Image_5334.jpg,sitting
Image_5336.jpg,standing
Image_5340.jpg,sleeping
Image_5343.jpg,standing
Image_5352.jpg,sleeping
Image_5354.jpg,sleeping
Image_5357.jpg,sleeping
Image_5359.jpg,standing
Image_5368.jpg,sitting
Image_5375.jpg,standing
Image_5377.jpg,sleeping
Image_5393.jpg,sleeping
Image_5399.jpg,sitting
Image_5401.jpg,sitting
Image_5405.jpg,sleeping
Image_5419.jpg,standing
Image_5421.jpg,sleeping
Image_5429.jpg,sleeping
Image_5430.jpg,standing
Image_5431.jpg,sitting
Image_5442.jpg,sitting
Image_5448.jpg,standing
Image_5453.jpg,sleeping
Image_5455.jpg,sleeping
Image_5458.jpg,sleeping
Image_5462.jpg,sitting
Image_5477.jpg,standing
Image_5482.jpg,sitting
Image_5484.jpg,sitting
Image_5487.jpg,sitting
Image_5501.jpg,sleeping
Image_5510.jpg,sitting
Image_5513.jpg,sleeping
Image_5529.jpg,sitting
Image_5546.jpg,sleeping
Image_5549.jpg,standing
Image_5550.jpg,standing
Image_5552.jpg,sitting
Image_5554.jpg,sitting
Image_5555.jpg,sitting
Image_5561.jpg,sitting
Image_5568.jpg,standing
Image_5569.jpg,sitting
Image_5570.jpg,sitting
Image_5576.jpg,sleeping
Image_5592.jpg,sleeping
Image_5595.jpg,sitting
Image_5601.jpg,sitting
Image_5604.jpg,sitting
Image_5612.jpg,sleeping
Image_5616.jpg,sleeping
Image_5627.jpg,sleeping
Image_5633.jpg,sitting
Image_5642.jpg,sleeping
Image_5643.jpg,standing
Image_5644.jpg,standing
Image_5657.jpg,sitting
Image_5673.jpg,sleeping
Image_5674.jpg,standing
Image_5675.jpg,sleeping
Image_5676.jpg,sleeping
Image_5683.jpg,standing
Image_5684.jpg,standing
Image_5690.jpg,sitting
Image_5691.jpg,sitting
Image_5693.jpg,sleeping
Image_5696.jpg,sitting
Image_5709.jpg,standing
Image_5711.jpg,standing
Image_5714.jpg,sitting
Image_5716.jpg,sleeping
Image_5717.jpg,sleeping
Image_5718.jpg,sleeping
Image_5720.jpg,standing
Image_5726.jpg,sitting
Image_5728.jpg,sitting
Image_5729.jpg,standing
Image_5734.jpg,standing
Image_5735.jpg,sitting
Image_5765.jpg,standing
Image_5768.jpg,standing
Image_5772.jpg,standing
Image_5775.jpg,sitting
Image_5779.jpg,standing
Image_5780.jpg,sitting
Image_5781.jpg,sitting
Image_5783.jpg,sitting
Image_5784.jpg,standing
Image_5800.jpg,sleeping
Image_5801.jpg,sitting
Image_5809.jpg,standing
Image_5811.jpg,sitting
Image_5817.jpg,standing
Image_5819.jpg,sleeping
Image_5829.jpg,sitting
Image_5832.jpg,sitting
Image_5834.jpg,sitting
Image_5840.jpg,standing
Image_5845.jpg,standing
Image_5849.jpg,standing
Image_5850.jpg,sleeping
Image_5852.jpg,standing
Image_5857.jpg,sitting
Image_5870.jpg,standing
Image_5876.jpg,standing
Image_5887.jpg,sitting
Image_5891.jpg,sitting
Image_5899.jpg,sleeping
Image_5901.jpg,sitting
Image_5922.jpg,sitting
Image_5925.jpg,sleeping
Image_5933.jpg,sleeping
Image_5935.jpg,standing
Image_5943.jpg,sleeping
Image_5950.jpg,sleeping
Image_5951.jpg,sitting
Image_5959.jpg,standing
Image_5970.jpg,standing
Image_5979.jpg,sleeping
Image_5980.jpg,standing
Image_5984.jpg,sitting
Image_5992.jpg,standing
Image_5994.jpg,sleeping
Image_5995.jpg,sitting
Image_6000.jpg,sleeping
Image_6002.jpg,sleeping
Image_6003.jpg,standing
Image_6006.jpg,sitting
Image_6028.jpg,sitting
Image_6033.jpg,sleeping
Image_6046.jpg,sleeping
Image_6047.jpg,sitting
Image_6055.jpg,sleeping
Image_6056.jpg,standing
Image_6063.jpg,standing
Image_6067.jpg,standing
Image_6075.jpg,sitting
Image_6078.jpg,sitting
Image_6080.jpg,sleeping
Image_6083.jpg,sleeping
Image_6086.jpg,sleeping
Image_6091.jpg,sleeping
Image_6092.jpg,standing
Image_6103.jpg,sitting
Image_6107.jpg,sitting
Image_6110.jpg,sleeping
Image_6124.jpg,standing
Image_6125.jpg,standing
Image_6130.jpg,sleeping
Image_6131.jpg,sitting
Image_6132.jpg,standing
Image_6138.jpg,standing
Image_6139.jpg,standing
Image_6140.jpg,sitting
Image_6144.jpg,standing
Image_6146.jpg,sitting
Image_6148.jpg,sleeping
Image_6163.jpg,sitting
Image_6171.jpg,sitting
Image_6175.jpg,sleeping
Image_6181.jpg,standing
Image_6190.jpg,sleeping
Image_6197.jpg,sleeping
Image_6198.jpg,standing
Image_6203.jpg,sleeping
Image_6204.jpg,sleeping
Image_6206.jpg,sitting
Image_6208.jpg,standing
Image_6209.jpg,sitting
Image_6213.jpg,standing
Image_6215.jpg,sitting
Image_6216.jpg,standing
Image_6218.jpg,sitting
Image_6220.jpg,sleeping
Image_6222.jpg,sitting
Image_6224.jpg,sleeping
Image_6226.jpg,sleeping
Image_6230.jpg,sitting
Image_6231.jpg,standing
Image_6238.jpg,sleeping
Image_6247.jpg,standing
Image_6249.jpg,standing
Image_6253.jpg,sitting
Image_6259.jpg,sitting
Image_6264.jpg,sitting
Image_6278.jpg,sleeping
Image_6281.jpg,standing
Image_6292.jpg,standing
Image_6295.jpg,sitting
Image_6296.jpg,standing
Image_6300.jpg,sleeping
Image_6309.jpg,sleeping
Image_6312.jpg,sitting
Image_6315.jpg,standing
Image_6320.jpg,standing
Image_6324.jpg,standing
Image_6326.jpg,standing
Image_6328.jpg,standing
Image_6330.jpg,sleeping
Image_6332.jpg,sleeping
Image_6333.jpg,sleeping
Image_6336.jpg,standing
Image_6340.jpg,sleeping
Image_6342.jpg,sleeping
Image_6354.jpg,sleeping
Image_6355.jpg,sleeping
Image_6356.jpg,sitting
Image_6362.jpg,sleeping
Image_6366.jpg,standing
Image_6369.jpg,sitting
Image_6372.jpg,standing
Image_6388.jpg,sitting
Image_6390.jpg,sitting
Image_6394.jpg,sitting
Image_6404.jpg,standing
Image_6407.jpg,sleeping
Image_6412.jpg,sitting
Image_6414.jpg,sleeping
Image_6423.jpg,standing
Image_6433.jpg,sitting
Image_6452.jpg,sleeping
Image_6454.jpg,sleeping
Image_6456.jpg,standing
Image_6458.jpg,sitting
Image_6460.jpg,sitting
Image_6463.jpg,sitting
Image_6467.jpg,standing
Image_6471.jpg,sleeping
Image_6472.jpg,standing
Image_6482.jpg,standing
Image_6492.jpg,standing
Image_6493.jpg,sitting
Image_6496.jpg,sitting
Image_6497.jpg,standing
Image_6499.jpg,sleeping
Image_6502.jpg,sitting
Image_6504.jpg,sleeping
Image_6506.jpg,sitting
Image_6511.jpg,sleeping
Image_6519.jpg,sleeping
Image_6527.jpg,standing
Image_6529.jpg,standing
Image_6532.jpg,sitting
Image_6534.jpg,standing
Image_6537.jpg,sitting
Image_6541.jpg,sitting
Image_6549.jpg,standing
Image_6552.jpg,standing
Image_6554.jpg,standing
Image_6557.jpg,sleeping
Image_6578.jpg,sleeping
Image_6584.jpg,sleeping
Image_6586.jpg,standing
Image_6587.jpg,sitting
Image_6593.jpg,sitting
Image_6604.jpg,sleeping
Image_6609.jpg,standing
Image_6622.jpg,sleeping
Image_6626.jpg,sleeping
Image_6629.jpg,sleeping
Image_6630.jpg,standing
Image_6633.jpg,sleeping
Image_6636.jpg,sitting
Image_6644.jpg,sleeping
Image_6646.jpg,standing
Image_6660.jpg,sitting
Image_6662.jpg,sleeping
Image_6664.jpg,sleeping
Image_6667.jpg,sitting
Image_6677.jpg,standing
Image_6689.jpg,sleeping
Image_6692.jpg,sleeping
Image_6696.jpg,sleeping
Image_6698.jpg,sitting
Image_6700.jpg,sleeping
Image_6702.jpg,standing
Image_6706.jpg,standing
Image_6713.jpg,sitting
Image_6721.jpg,sitting
Image_6724.jpg,standing
Image_6727.jpg,standing
Image_6735.jpg,standing
Image_6736.jpg,sleeping
Image_6737.jpg,sitting
Image_6739.jpg,sleeping
Image_6742.jpg,standing
Image_6745.jpg,standing
Image_6752.jpg,sleeping
Image_6754.jpg,sleeping
Image_6756.jpg,sitting
Image_6762.jpg,sitting
Image_6768.jpg,sleeping
Image_6774.jpg,sleeping
Image_6788.jpg,sleeping
Image_6789.jpg,sitting
Image_6793.jpg,sleeping
Image_6794.jpg,sitting
Image_6795.jpg,sleeping
Image_6800.jpg,sitting
Image_6803.jpg,standing
Image_6810.jpg,sleeping
Image_6813.jpg,sleeping
Image_6820.jpg,standing
Image_6825.jpg,sleeping
Image_6829.jpg,sleeping
Image_6832.jpg,standing
Image_6833.jpg,standing
Image_6836.jpg,sleeping
Image_6838.jpg,sleeping
Image_6840.jpg,standing
Image_6841.jpg,sleeping
Image_6845.jpg,sleeping
Image_6849.jpg,sitting
Image_6851.jpg,standing
Image_6854.jpg,sitting
Image_6856.jpg,standing
Image_6859.jpg,sitting
Image_6862.jpg,sitting
Image_6867.jpg,standing
Image_6869.jpg,standing
Image_6872.jpg,sleeping
Image_6877.jpg,sitting
Image_6878.jpg,sitting
Image_6880.jpg,sitting
Image_6890.jpg,standing
Image_6907.jpg,standing
Image_6915.jpg,sitting
Image_6927.jpg,sleeping
Image_6939.jpg,sleeping
Image_6943.jpg,sleeping
Image_6944.jpg,sleeping
Image_6949.jpg,sleeping
Image_6952.jpg,standing
Image_6953.jpg,sitting
Image_6962.jpg,sitting
Image_6963.jpg,sitting
Image_6964.jpg,standing
Image_6969.jpg,sitting
Image_6970.jpg,standing
Image_6973.jpg,standing
Image_6983.jpg,standing
Image_6991.jpg,standing
Image_6993.jpg,sitting
Image_6994.jpg,sitting
Image_6995.jpg,sleeping
Image_7001.jpg,standing
Image_7003.jpg,standing
Image_7006.jpg,sitting
Image_7010.jpg,standing
Image_7029.jpg,sleeping
Image_7033.jpg,standing
Image_7044.jpg,standing
Image_7046.jpg,standing
Image_7047.jpg,standing
Image_7052.jpg,sleeping
Image_7057.jpg,sitting
Image_7059.jpg,standing
Image_7061.jpg,sleeping
Image_7073.jpg,sleeping
Image_7076.jpg,sleeping
Image_7077.jpg,sleeping
Image_7083.jpg,sitting
Image_7085.jpg,sitting
Image_7089.jpg,sleeping
Image_7091.jpg,sitting
Image_7094.jpg,sleeping
Image_7096.jpg,standing
Image_7097.jpg,sitting
Image_7120.jpg,sleeping
Image_7138.jpg,standing
Image_7142.jpg,sitting
Image_7145.jpg,sitting
Image_7150.jpg,standing
Image_7153.jpg,standing
Image_7155.jpg,sleeping
Image_7160.jpg,sleeping
Image_7168.jpg,sitting
Image_7169.jpg,sitting
Image_7171.jpg,sleeping
Image_7173.jpg,standing
Image_7175.jpg,standing
Image_7180.jpg,sitting
Image_7184.jpg,sleeping
Image_7192.jpg,sitting
Image_7194.jpg,sitting
Image_7200.jpg,sitting
Image_7206.jpg,sitting
Image_7217.jpg,sleeping
Image_7220.jpg,standing
Image_7224.jpg,sleeping
Image_7227.jpg,standing
Image_7238.jpg,standing
Image_7240.jpg,standing
Image_7242.jpg,sitting
Image_7243.jpg,standing
Image_7247.jpg,sleeping
Image_7253.jpg,sitting
Image_7257.jpg,sitting
Image_7265.jpg,sitting
Image_7267.jpg,sitting
Image_7274.jpg,sleeping
Image_7278.jpg,sleeping
Image_7286.jpg,sitting
Image_7289.jpg,standing
Image_7293.jpg,standing
Image_7296.jpg,sleeping
Image_7297.jpg,standing
Image_7299.jpg,sitting
Image_7301.jpg,standing
Image_7302.jpg,sleeping
Image_7303.jpg,sleeping
Image_7308.jpg,sitting
Image_7313.jpg,sleeping
Image_7315.jpg,sitting
Image_7316.jpg,sleeping
Image_7320.jpg,sitting
Image_7321.jpg,sitting
Image_7328.jpg,sitting
Image_7335.jpg,sleeping
Image_7345.jpg,sleeping
Image_7346.jpg,sitting
Image_7348.jpg,sleeping
Image_7358.jpg,standing
Image_7360.jpg,standing
Image_7364.jpg,sitting
Image_7365.jpg,sitting
Image_7368.jpg,sitting
Image_7374.jpg,sleeping
Image_7385.jpg,standing
Image_7388.jpg,sitting
Image_7397.jpg,standing
Image_7399.jpg,sleeping
Image_7401.jpg,standing
Image_7403.jpg,sitting
Image_7411.jpg,sleeping
Image_7414.jpg,sleeping
Image_7421.jpg,standing
Image_7425.jpg,standing
Image_7429.jpg,standing
Image_7430.jpg,sleeping
Image_7431.jpg,sitting
Image_7434.jpg,sitting
Image_7438.jpg,sitting
Image_7458.jpg,standing
Image_7464.jpg,sitting
Image_7465.jpg,sleeping
Image_7466.jpg,sitting
Image_7474.jpg,sleeping
Image_7478.jpg,sleeping
Image_7495.jpg,sitting
Image_7509.jpg,sitting
Image_7511.jpg,standing
Image_7523.jpg,sitting
Image_7530.jpg,sitting
Image_7533.jpg,sitting
Image_7539.jpg,standing
Image_7541.jpg,sleeping
Image_7543.jpg,standing
Image_7549.jpg,standing
Image_7560.jpg,sleeping
Image_7563.jpg,sitting
Image_7568.jpg,standing
Image_7574.jpg,sitting
Image_7578.jpg,sleeping
Image_7594.jpg,standing
Image_7606.jpg,standing
Image_7610.jpg,standing
Image_7620.jpg,sitting
Image_7622.jpg,sitting
Image_7631.jpg,standing
Image_7639.jpg,standing
Image_7642.jpg,sleeping
Image_7643.jpg,sleeping
Image_7644.jpg,sleeping
Image_7647.jpg,sitting
Image_7652.jpg,standing
Image_7660.jpg,sleeping
Image_7665.jpg,sitting
Image_7668.jpg,standing
Image_7670.jpg,standing
Image_7671.jpg,sleeping
Image_7695.jpg,sitting
Image_7696.jpg,sitting
Image_7698.jpg,sleeping
Image_7706.jpg,sitting
Image_7711.jpg,sleeping
Image_7721.jpg,standing
Image_7722.jpg,standing
Image_7727.jpg,sleeping
Image_7739.jpg,sleeping
Image_7740.jpg,standing
Image_7742.jpg,sitting
Image_7745.jpg,sitting
Image_7746.jpg,sitting
Image_7748.jpg,sleeping
Image_7749.jpg,sleeping
Image_7750.jpg,sleeping
Image_7755.jpg,sitting
Image_7759.jpg,sleeping
Image_7764.jpg,sleeping
Image_7767.jpg,sleeping
Image_7787.jpg,standing
Image_7789.jpg,sitting
Image_7793.jpg,standing
Image_7801.jpg,sleeping
Image_7808.jpg,sleeping
Image_7811.jpg,sleeping
Image_7815.jpg,standing
Image_7816.jpg,standing
Image_7819.jpg,standing
Image_7822.jpg,standing
Image_7826.jpg,standing
Image_7829.jpg,standing
Image_7843.jpg,standing
Image_7851.jpg,sitting
Image_7853.jpg,standing
Image_7859.jpg,sleeping
Image_7860.jpg,sleeping
Image_7867.jpg,sitting
Image_7870.jpg,sleeping
Image_7871.jpg,sleeping
Image_7873.jpg,standing
Image_7885.jpg,sitting
Image_7891.jpg,sitting
Image_7895.jpg,sitting
Image_7897.jpg,sitting
Image_7903.jpg,standing
Image_7905.jpg,standing
Image_7906.jpg,sleeping
Image_7907.jpg,standing
Image_7908.jpg,sleeping
Image_7909.jpg,standing
Image_7914.jpg,standing
Image_7917.jpg,sleeping
Image_7919.jpg,sitting
Image_7921.jpg,sleeping
Image_7924.jpg,sitting
Image_7942.jpg,standing
Image_7951.jpg,sitting
Image_7952.jpg,sleeping
Image_7965.jpg,sleeping
Image_7966.jpg,standing
Image_7969.jpg,sleeping
Image_7975.jpg,sleeping
Image_7981.jpg,standing
Image_7983.jpg,sleeping
Image_7996.jpg,sleeping
Image_8006.jpg,standing
Image_8009.jpg,sleeping
Image_8010.jpg,standing
Image_8013.jpg,sitting
Image_8016.jpg,sitting
Image_8018.jpg,standing
Image_8021.jpg,standing
Image_8026.jpg,sleeping
Image_8029.jpg,standing
Image_8031.jpg,sitting
Image_8036.jpg,sleeping
Image_8046.jpg,standing
Image_8049.jpg,sleeping
Image_8065.jpg,standing
Image_8073.jpg,sleeping
Image_8075.jpg,sleeping
Image_8085.jpg,sitting
Image_8087.jpg,standing
Image_8093.jpg,sleeping
Image_8094.jpg,sleeping
Image_8096.jpg,standing
Image_8097.jpg,standing
Image_8106.jpg,standing
Image_8107.jpg,standing
Image_8115.jpg,standing
Image_8120.jpg,standing
Image_8121.jpg,sitting
Image_8126.jpg,sleeping
Image_8130.jpg,standing
Image_8136.jpg,sleeping
Image_8137.jpg,sitting
Image_8139.jpg,sitting
Image_8140.jpg,sitting
Image_8149.jpg,standing
Image_8155.jpg,standing
Image_8156.jpg,standing
Image_8160.jpg,standing
Image_8164.jpg,sleeping
Image_8171.jpg,standing
Image_8179.jpg,sitting
Image_8180.jpg,standing
Image_8186.jpg,sitting
Image_8196.jpg,sleeping
Image_8206.jpg,sitting
Image_8210.jpg,standing
Image_8213.jpg,sleeping
Image_8220.jpg,sitting
Image_8223.jpg,sleeping
Image_8224.jpg,sitting
Image_8227.jpg,sleeping
Image_8228.jpg,standing
Image_8232.jpg,sitting
Image_8235.jpg,standing
Image_8236.jpg,sleeping
Image_8240.jpg,standing
Image_8250.jpg,sitting
Image_8256.jpg,standing
Image_8259.jpg,sleeping
Image_8264.jpg,sleeping
Image_8275.jpg,sitting
Image_8279.jpg,standing
Image_8294.jpg,sitting
Image_8303.jpg,sleeping
Image_8304.jpg,sitting
Image_8309.jpg,sitting
Image_8313.jpg,standing
Image_8315.jpg,sitting
Image_8322.jpg,standing
Image_8326.jpg,sleeping
Image_8327.jpg,sleeping
Image_8337.jpg,standing
Image_8339.jpg,sleeping
Image_8345.jpg,sitting
Image_8346.jpg,sleeping
Image_8349.jpg,standing
Image_8354.jpg,sleeping
Image_8356.jpg,sitting
Image_8358.jpg,standing
Image_8362.jpg,sitting
Image_8367.jpg,standing
Image_8368.jpg,sitting
Image_8374.jpg,sleeping
Image_8378.jpg,standing
Image_8395.jpg,standing
Image_8402.jpg,standing
Image_8403.jpg,standing
Image_8409.jpg,standing
Image_8410.jpg,standing
Image_8413.jpg,sleeping
Image_8415.jpg,sitting
Image_8422.jpg,standing
Image_8423.jpg,standing
Image_8424.jpg,sleeping
Image_8426.jpg,sitting
Image_8427.jpg,sleeping
Image_8434.jpg,sitting
Image_8435.jpg,standing
Image_8436.jpg,sitting
Image_8440.jpg,standing
Image_8444.jpg,sleeping
Image_8455.jpg,sitting
Image_8468.jpg,sitting
Image_8481.jpg,sleeping
Image_8482.jpg,sitting
Image_8483.jpg,sleeping
Image_8498.jpg,standing
Image_8502.jpg,sleeping
Image_8504.jpg,sitting
Image_8517.jpg,sitting
Image_8518.jpg,standing
Image_8523.jpg,sleeping
Image_8525.jpg,standing
Image_8534.jpg,sleeping
Image_8542.jpg,sleeping
Image_8547.jpg,standing
Image_8548.jpg,standing
Image_8549.jpg,sleeping
Image_8555.jpg,sitting
Image_8556.jpg,sleeping
Image_8558.jpg,sitting
Image_8563.jpg,standing
Image_8567.jpg,sitting
Image_8568.jpg,sitting
Image_8569.jpg,sleeping
Image_8573.jpg,sleeping
Image_8584.jpg,sleeping
Image_8588.jpg,standing
Image_8591.jpg,sitting
Image_8593.jpg,sleeping
Image_8596.jpg,standing
Image_8600.jpg,sleeping
Image_8602.jpg,sitting
Image_8604.jpg,sitting
Image_8609.jpg,sleeping
Image_8615.jpg,sitting
Image_8619.jpg,sitting
Image_8624.jpg,sleeping
Image_8628.jpg,sitting
Image_8629.jpg,standing
Image_8634.jpg,standing
Image_8642.jpg,sleeping
Image_8652.jpg,sitting
Image_8654.jpg,standing
Image_8658.jpg,standing
Image_8659.jpg,sitting
Image_8662.jpg,standing
Image_8663.jpg,standing
Image_8667.jpg,standing
Image_8668.jpg,standing
Image_8678.jpg,sleeping
Image_8679.jpg,sitting
Image_8680.jpg,sitting
Image_8681.jpg,sitting
Image_8684.jpg,sitting
Image_8688.jpg,standing
Image_8692.jpg,standing
Image_8696.jpg,sleeping
Image_8697.jpg,standing
Image_8707.jpg,sitting
Image_8708.jpg,standing
Image_8710.jpg,standing
Image_8712.jpg,sitting
Image_8717.jpg,sleeping
Image_8722.jpg,sleeping
Image_8723.jpg,sleeping
Image_8725.jpg,sleeping
Image_8731.jpg,sitting
Image_8732.jpg,sitting
Image_8734.jpg,standing
Image_8750.jpg,sleeping
Image_8756.jpg,sitting
Image_8758.jpg,sleeping
Image_8762.jpg,sitting
Image_8794.jpg,sleeping
Image_8807.jpg,sleeping
Image_8812.jpg,sitting
Image_8815.jpg,sitting
Image_8824.jpg,sleeping
Image_8827.jpg,standing
Image_8829.jpg,sleeping
Image_8840.jpg,sitting
Image_8855.jpg,sitting
Image_8858.jpg,standing
Image_8862.jpg,sitting
Image_8863.jpg,sleeping
Image_8869.jpg,sitting
Image_8874.jpg,standing
Image_8877.jpg,standing
Image_8879.jpg,standing
Image_8880.jpg,sleeping
Image_8888.jpg,standing
Image_8892.jpg,standing
Image_8893.jpg,standing
Image_8895.jpg,sleeping
Image_8900.jpg,sitting
Image_8907.jpg,sitting
Image_8936.jpg,sleeping
Image_8942.jpg,sitting
Image_8953.jpg,sitting
Image_8954.jpg,sleeping
Image_8956.jpg,sitting
Image_8960.jpg,sitting
Image_8961.jpg,standing
Image_8962.jpg,sitting
Image_8979.jpg,sleeping
Image_8983.jpg,sleeping
Image_8988.jpg,standing
Image_8990.jpg,standing
Image_8991.jpg,standing
Image_9002.jpg,sitting
Image_9003.jpg,sitting
Image_9007.jpg,sleeping
Image_9008.jpg,standing
Image_9017.jpg,sleeping
Image_9025.jpg,sitting
Image_9032.jpg,sleeping
Image_9035.jpg,sitting
Image_9036.jpg,standing
Image_9047.jpg,standing
Image_9049.jpg,sitting
Image_9051.jpg,standing
Image_9055.jpg,sitting
Image_9056.jpg,sitting
Image_9059.jpg,standing
Image_9071.jpg,standing
Image_9073.jpg,sleeping
Image_9079.jpg,standing
Image_9084.jpg,sleeping
Image_9088.jpg,standing
Image_9089.jpg,sleeping
Image_9101.jpg,standing
Image_9115.jpg,sitting
Image_9119.jpg,standing
Image_9136.jpg,standing
Image_9141.jpg,sitting
Image_9144.jpg,standing
Image_9150.jpg,standing
Image_9164.jpg,standing
Image_9169.jpg,sitting
Image_9172.jpg,sleeping
Image_9177.jpg,standing
Image_9179.jpg,sitting
Image_9181.jpg,standing
Image_9186.jpg,sitting
Image_9187.jpg,sitting
Image_9201.jpg,sleeping
Image_9207.jpg,sitting
Image_9208.jpg,standing
Image_9209.jpg,standing
Image_9219.jpg,standing
Image_9221.jpg,sitting
Image_9224.jpg,standing
Image_9229.jpg,sleeping
Image_9234.jpg,standing
Image_9241.jpg,standing
Image_9245.jpg,sitting
Image_9246.jpg,sitting
Image_9260.jpg,standing
Image_9263.jpg,sitting
Image_9265.jpg,standing
Image_9273.jpg,sleeping
Image_9274.jpg,standing
Image_9275.jpg,sleeping
Image_9276.jpg,sleeping
Image_9278.jpg,sitting
Image_9281.jpg,standing
Image_9282.jpg,standing
Image_9283.jpg,sitting
Image_9294.jpg,sleeping
Image_9302.jpg,sleeping
Image_9309.jpg,sitting
Image_9311.jpg,sleeping
Image_9313.jpg,sitting
Image_9320.jpg,sitting
Image_9326.jpg,sleeping
Image_9328.jpg,standing
Image_9334.jpg,sleeping
Image_9341.jpg,sitting
Image_9352.jpg,standing
Image_9359.jpg,sleeping
Image_9362.jpg,sitting
Image_9365.jpg,standing
Image_9366.jpg,sitting
Image_9374.jpg,standing
Image_9377.jpg,sleeping
Image_9381.jpg,sitting
Image_9388.jpg,standing
Image_9390.jpg,sleeping
Image_9391.jpg,standing
Image_9395.jpg,sleeping
Image_9397.jpg,sleeping
Image_9403.jpg,sitting
Image_9408.jpg,sleeping
Image_9425.jpg,standing
Image_9429.jpg,standing
Image_9432.jpg,sleeping
Image_9435.jpg,sitting
Image_9442.jpg,sleeping
Image_9450.jpg,sitting
Image_9453.jpg,sitting
Image_9454.jpg,standing
Image_9456.jpg,sleeping
Image_9467.jpg,sitting
Image_9472.jpg,standing
Image_9473.jpg,sitting
Image_9479.jpg,standing
Image_9480.jpg,standing
Image_9485.jpg,sleeping
Image_9487.jpg,sitting
Image_9492.jpg,standing
Image_9494.jpg,standing
Image_9498.jpg,sleeping
Image_9501.jpg,sitting
Image_9505.jpg,standing
Image_9508.jpg,sitting
Image_9509.jpg,sleeping
Image_9512.jpg,sleeping
Image_9513.jpg,sitting
Image_9516.jpg,sitting
Image_9518.jpg,standing
Image_9521.jpg,standing
Image_9530.jpg,sitting
Image_9531.jpg,sleeping
Image_9549.jpg,standing
Image_9555.jpg,sleeping
Image_9564.jpg,standing
Image_9566.jpg,sitting
Image_9568.jpg,sleeping
Image_9572.jpg,sleeping
Image_9576.jpg,sleeping
Image_9579.jpg,sleeping
Image_9582.jpg,sitting
Image_9583.jpg,sitting
Image_9588.jpg,sleeping
Image_9589.jpg,sitting
Image_9603.jpg,standing
Image_9613.jpg,sleeping
Image_9616.jpg,sleeping
Image_9619.jpg,sleeping
Image_9628.jpg,sleeping
Image_9639.jpg,sitting
Image_9640.jpg,sitting
Image_9649.jpg,sleeping
Image_9650.jpg,sitting
Image_9651.jpg,sleeping
Image_9655.jpg,sleeping
Image_9666.jpg,standing
Image_9679.jpg,sleeping
Image_9683.jpg,sitting
Image_9684.jpg,standing
Image_9688.jpg,standing
Image_9691.jpg,sitting
Image_9698.jpg,sleeping
Image_9701.jpg,sitting
Image_9706.jpg,standing
Image_9712.jpg,sleeping
Image_9713.jpg,sitting
Image_9719.jpg,standing
Image_9720.jpg,standing
Image_9721.jpg,sitting
Image_9730.jpg,sleeping
Image_9731.jpg,standing
Image_9752.jpg,standing
Image_9768.jpg,standing
Image_9770.jpg,standing
Image_9773.jpg,standing
Image_9780.jpg,sitting
Image_9782.jpg,sitting
Image_9784.jpg,sitting
Image_9788.jpg,sitting
Image_9798.jpg,standing
Image_9802.jpg,standing
Image_9806.jpg,sleeping
Image_9816.jpg,sleeping
Image_9826.jpg,sleeping
Image_9840.jpg,standing
Image_9849.jpg,standing
Image_9850.jpg,sleeping
Image_9857.jpg,sleeping
Image_9860.jpg,standing
Image_9861.jpg,sitting
Image_9865.jpg,sleeping
Image_9868.jpg,sleeping
Image_9875.jpg,sleeping
Image_9878.jpg,sleeping
Image_9889.jpg,sitting
Image_9897.jpg,sleeping
Image_9903.jpg,sitting
Image_9904.jpg,sleeping
Image_9912.jpg,standing
Image_9914.jpg,sitting
Image_9925.jpg,standing
Image_9928.jpg,standing
Image_9930.jpg,sitting
Image_9939.jpg,sleeping
Image_9944.jpg,sitting
Image_9945.jpg,standing
Image_9947.jpg,sleeping
Image_9951.jpg,standing
Image_9956.jpg,sleeping
Image_9965.jpg,sleeping
Image_9967.jpg,standing
Image_9968.jpg,sitting
Image_9970.jpg,sitting
Image_9974.jpg,sleeping
Image_9975.jpg,sleeping
Image_9984.jpg,sleeping
Image_9991.jpg,sleeping
Image_9992.jpg,standing
Image_9993.jpg,sitting
Image_10005.jpg,sitting
Image_10012.jpg,sitting
Image_10015.jpg,sleeping
Image_10017.jpg,standing
Image_10020.jpg,sitting
Image_10026.jpg,sitting
Image_10032.jpg,standing
Image_10038.jpg,standing
Image_10042.jpg,sleeping
Image_10050.jpg,standing
Image_10053.jpg,sitting
Image_10054.jpg,standing
Image_10058.jpg,standing
Image_10060.jpg,standing
Image_10088.jpg,sitting
Image_10091.jpg,sitting
Image_10100.jpg,standing
Image_10104.jpg,sleeping
Image_10108.jpg,standing
Image_10116.jpg,standing
Image_10117.jpg,standing
Image_10126.jpg,standing
Image_10140.jpg,sleeping
Image_10148.jpg,sleeping
Image_10150.jpg,sitting
Image_10152.jpg,sitting
Image_10169.jpg,sitting
Image_10170.jpg,sleeping
Image_10171.jpg,sleeping
Image_10180.jpg,sleeping
Image_10183.jpg,standing
Image_10189.jpg,sleeping
Image_10195.jpg,standing
Image_10199.jpg,sitting
Image_10201.jpg,sitting
Image_10211.jpg,sitting
Image_10221.jpg,sleeping
Image_10235.jpg,sleeping
Image_10240.jpg,sitting
Image_10244.jpg,sleeping
Image_10246.jpg,sleeping
Image_10251.jpg,standing
Image_10259.jpg,sitting
Image_10261.jpg,sleeping
Image_10269.jpg,standing
Image_10271.jpg,sitting
Image_10278.jpg,standing
Image_10282.jpg,standing
Image_10288.jpg,sitting
Image_10297.jpg,standing
Image_10311.jpg,sleeping
Image_10324.jpg,sitting
Image_10330.jpg,sitting
Image_10339.jpg,standing
Image_10346.jpg,standing
Image_10354.jpg,sleeping
Image_10361.jpg,sleeping
Image_10363.jpg,sleeping
Image_10372.jpg,sleeping
Image_10373.jpg,sitting
Image_10374.jpg,standing
Image_10375.jpg,standing
Image_10376.jpg,standing
Image_10378.jpg,standing
Image_10380.jpg,sleeping
Image_10381.jpg,sitting
Image_10395.jpg,sitting
Image_10397.jpg,sleeping
Image_10406.jpg,sitting
Image_10408.jpg,sitting
Image_10413.jpg,sleeping
Image_10430.jpg,sitting
Image_10437.jpg,standing
Image_10440.jpg,sitting
Image_10446.jpg,sitting
Image_10453.jpg,sitting
Image_10462.jpg,sleeping
Image_10463.jpg,sitting
Image_10466.jpg,standing
Image_10479.jpg,sleeping
Image_10480.jpg,sitting
Image_10482.jpg,standing
Image_10488.jpg,sitting
Image_10490.jpg,sitting
Image_10501.jpg,sitting
Image_10502.jpg,sleeping
Image_10503.jpg,standing
Image_10505.jpg,sleeping
Image_10506.jpg,sitting
Image_10512.jpg,standing
Image_10514.jpg,standing
Image_10529.jpg,sitting
Image_10533.jpg,standing
Image_10542.jpg,standing
Image_10546.jpg,standing
Image_10547.jpg,standing
Image_10558.jpg,sleeping
Image_10564.jpg,standing
Image_10568.jpg,standing
Image_10586.jpg,sitting
Image_10590.jpg,sleeping
Image_10593.jpg,sleeping
Image_10606.jpg,sitting
Image_10608.jpg,sleeping
Image_10613.jpg,sleeping
Image_10617.jpg,sleeping
Image_10620.jpg,standing
Image_10625.jpg,sleeping
Image_10627.jpg,sleeping
Image_10630.jpg,sleeping
Image_10634.jpg,sleeping
Image_10641.jpg,sleeping
Image_10642.jpg,sitting
Image_10647.jpg,sleeping
Image_10648.jpg,standing
Image_10652.jpg,sitting
Image_10661.jpg,sleeping
Image_10668.jpg,sleeping
Image_10670.jpg,sleeping
Image_10675.jpg,standing
Image_10676.jpg,sleeping
Image_10677.jpg,sitting
Image_10689.jpg,sitting
Image_10696.jpg,sitting
Image_10699.jpg,standing
Image_10706.jpg,standing
Image_10707.jpg,sitting
Image_10711.jpg,sitting
Image_10715.jpg,sitting
Image_10719.jpg,sleeping
Image_10721.jpg,standing
Image_10726.jpg,sleeping
Image_10729.jpg,standing
Image_10731.jpg,sitting
Image_10737.jpg,standing
Image_10748.jpg,sleeping
Image_10750.jpg,sitting
Image_10752.jpg,standing
Image_10759.jpg,sleeping
Image_10762.jpg,sleeping
Image_10763.jpg,sitting
Image_10764.jpg,standing
Image_10765.jpg,sitting
Image_10772.jpg,sleeping
Image_10774.jpg,sitting
Image_10787.jpg,sleeping
Image_10791.jpg,standing
Image_10793.jpg,sleeping
Image_10799.jpg,sitting
Image_10802.jpg,sleeping
Image_10806.jpg,sitting
Image_10809.jpg,standing
Image_10817.jpg,sleeping
Image_10821.jpg,standing
Image_10822.jpg,sleeping
Image_10826.jpg,sleeping
Image_10830.jpg,sitting
Image_10831.jpg,sitting
Image_10837.jpg,standing
Image_10838.jpg,sitting
Image_10840.jpg,standing
Image_10846.jpg,standing
Image_10847.jpg,sleeping
Image_10848.jpg,sleeping
Image_10853.jpg,standing
Image_10854.jpg,sleeping
Image_10856.jpg,sitting
Image_10859.jpg,sitting
Image_10861.jpg,sitting
Image_10863.jpg,sleeping
Image_10879.jpg,standing
Image_10881.jpg,sitting
Image_10884.jpg,sleeping
Image_10886.jpg,sleeping
Image_10889.jpg,sleeping
Image_10890.jpg,standing
Image_10904.jpg,sleeping
Image_10905.jpg,sleeping
Image_10906.jpg,standing
Image_10914.jpg,sitting
Image_10916.jpg,standing
Image_10923.jpg,sleeping
Image_10927.jpg,sleeping
Image_10929.jpg,sleeping
Image_10940.jpg,sleeping
Image_10944.jpg,sleeping
Image_10961.jpg,standing
Image_10974.jpg,sitting
Image_10978.jpg,standing
Image_10985.jpg,sitting
Image_10996.jpg,standing
Image_11000.jpg,sitting
Image_11005.jpg,standing
Image_11007.jpg,standing
Image_11014.jpg,sitting
Image_11019.jpg,sleeping
Image_11022.jpg,sitting
Image_11023.jpg,standing
Image_11033.jpg,standing
Image_11040.jpg,standing
Image_11041.jpg,sleeping
Image_11043.jpg,sitting
Image_11046.jpg,sleeping
Image_11049.jpg,sitting
Image_11053.jpg,sitting
Image_11062.jpg,sleeping
Image_11064.jpg,sitting
Image_11067.jpg,sitting
Image_11077.jpg,sitting
Image_11079.jpg,sitting
Image_11082.jpg,sitting
Image_11086.jpg,sleeping
Image_11088.jpg,standing
Image_11090.jpg,sitting
Image_11095.jpg,standing
Image_11096.jpg,sitting
Image_11098.jpg,sitting
Image_11099.jpg,standing
Image_11104.jpg,sleeping
Image_11109.jpg,sleeping
Image_11111.jpg,sitting
Image_11114.jpg,standing
Image_11115.jpg,sleeping
Image_11116.jpg,sitting
Image_11117.jpg,sitting
Image_11129.jpg,sitting
Image_11130.jpg,sleeping
Image_11143.jpg,sleeping
Image_11146.jpg,standing
Image_11147.jpg,sitting
Image_11152.jpg,sitting
Image_11154.jpg,standing
Image_11167.jpg,standing
Image_11168.jpg,standing
Image_11177.jpg,sleeping
Image_11180.jpg,standing
Image_11189.jpg,standing
Image_11190.jpg,sleeping
Image_11195.jpg,standing
Image_11196.jpg,standing
Image_11198.jpg,sleeping
Image_11214.jpg,sitting
Image_11226.jpg,sleeping
Image_11227.jpg,standing
Image_11229.jpg,sitting
Image_11234.jpg,standing
Image_11239.jpg,sleeping
Image_11245.jpg,sitting
Image_11251.jpg,sleeping
Image_11257.jpg,sitting
Image_11269.jpg,sleeping
Image_11276.jpg,standing
Image_11278.jpg,sleeping
Image_11289.jpg,standing
Image_11291.jpg,standing
Image_11294.jpg,sitting
Image_11299.jpg,sleeping
Image_11305.jpg,standing
Image_11314.jpg,sleeping
Image_11315.jpg,standing
Image_11316.jpg,sitting
Image_11317.jpg,standing
Image_11325.jpg,sitting
Image_11332.jpg,sitting
Image_11336.jpg,standing
Image_11339.jpg,standing
Image_11340.jpg,standing
Image_11346.jpg,standing
Image_11367.jpg,sleeping
Image_11382.jpg,sitting
Image_11395.jpg,sleeping
Image_11401.jpg,sleeping
Image_11404.jpg,sleeping
Image_11412.jpg,sleeping
Image_11413.jpg,sitting
Image_11415.jpg,sleeping
Image_11427.jpg,sleeping
Image_11430.jpg,sitting
Image_11436.jpg,sleeping
Image_11444.jpg,sleeping
Image_11448.jpg,standing
Image_11453.jpg,sleeping
Image_11454.jpg,sleeping
Image_11456.jpg,standing
Image_11461.jpg,sitting
Image_11470.jpg,sitting
Image_11477.jpg,sleeping
Image_11480.jpg,standing
Image_11484.jpg,standing
Image_11486.jpg,sleeping
Image_11488.jpg,sleeping
Image_11496.jpg,standing
Image_11497.jpg,sitting
Image_11499.jpg,sleeping
Image_11502.jpg,sleeping
Image_11510.jpg,standing
Image_11514.jpg,sleeping
Image_11520.jpg,sitting
Image_11529.jpg,sleeping
Image_11537.jpg,standing
Image_11538.jpg,sleeping
Image_11539.jpg,sleeping
Image_11545.jpg,sitting
Image_11558.jpg,sitting
Image_11567.jpg,standing
Image_11576.jpg,standing
Image_11580.jpg,standing
Image_11586.jpg,sleeping
Image_11587.jpg,sitting
Image_11595.jpg,sleeping
Image_11600.jpg,sleeping
Image_11601.jpg,standing
Image_11603.jpg,sitting
Image_11605.jpg,sitting
Image_11617.jpg,sleeping
Image_11620.jpg,standing
Image_11624.jpg,standing
Image_11625.jpg,sleeping
Image_11629.jpg,standing
Image_11633.jpg,sleeping
Image_11641.jpg,sitting
Image_11662.jpg,sleeping
Image_11663.jpg,standing
Image_11664.jpg,standing
Image_11667.jpg,standing
Image_11683.jpg,sitting
Image_11701.jpg,sleeping
Image_11706.jpg,standing
Image_11712.jpg,sitting
Image_11719.jpg,standing
Image_11720.jpg,sleeping
Image_11734.jpg,sitting
Image_11741.jpg,sitting
Image_11749.jpg,sleeping
Image_11750.jpg,standing
Image_11751.jpg,sleeping
Image_11764.jpg,standing
Image_11775.jpg,standing
Image_11778.jpg,sitting
Image_11781.jpg,standing
Image_11784.jpg,sitting
Image_11787.jpg,standing
Image_11788.jpg,standing
Image_11789.jpg,sitting
Image_11797.jpg,standing
Image_11801.jpg,sitting
Image_11805.jpg,standing
Image_11809.jpg,sitting
Image_11810.jpg,sleeping
Image_11815.jpg,standing
Image_11818.jpg,sitting
Image_11825.jpg,sleeping
Image_11841.jpg,sleeping
Image_11845.jpg,standing
Image_11847.jpg,standing
Image_11851.jpg,standing
Image_11855.jpg,sleeping
Image_11858.jpg,sitting
Image_11863.jpg,standing
Image_11865.jpg,sitting
Image_11867.jpg,sitting
Image_11870.jpg,sitting
Image_11875.jpg,standing
Image_11879.jpg,standing
Image_11880.jpg,sitting
Image_11891.jpg,standing
Image_11896.jpg,standing
Image_11897.jpg,sitting
Image_11899.jpg,sleeping
Image_11903.jpg,sitting
Image_11909.jpg,standing
Image_11910.jpg,standing
Image_11914.jpg,sleeping
Image_11920.jpg,sleeping
Image_11922.jpg,standing
Image_11925.jpg,sitting
Image_11935.jpg,sitting
Image_11939.jpg,sitting
Image_11948.jpg,sleeping
Image_11952.jpg,standing
Image_11953.jpg,standing
Image_11958.jpg,standing
Image_11969.jpg,standing
Image_11987.jpg,sitting
Image_11995.jpg,standing
Image_12003.jpg,sitting
Image_12017.jpg,sleeping
Image_12022.jpg,standing
Image_12024.jpg,sitting
Image_12031.jpg,standing
Image_12032.jpg,sitting
Image_12033.jpg,sleeping
Image_12034.jpg,sitting
Image_12037.jpg,sitting
Image_12044.jpg,standing
Image_12049.jpg,sleeping
Image_12053.jpg,sleeping
Image_12062.jpg,sleeping
Image_12067.jpg,standing
Image_12068.jpg,standing
Image_12077.jpg,sitting
Image_12079.jpg,standing
Image_12084.jpg,sitting
Image_12085.jpg,sleeping
Image_12086.jpg,sitting
Image_12102.jpg,sleeping
Image_12105.jpg,sitting
Image_12110.jpg,standing
Image_12112.jpg,sitting
Image_12133.jpg,standing
Image_12147.jpg,standing
Image_12150.jpg,standing
Image_12154.jpg,sitting
Image_12158.jpg,sleeping
Image_12163.jpg,sitting
Image_12167.jpg,sleeping
Image_12171.jpg,sitting
Image_12175.jpg,sleeping
Image_12181.jpg,standing
Image_12182.jpg,sleeping
Image_12201.jpg,sitting
Image_12204.jpg,sleeping
Image_12206.jpg,sleeping
Image_12214.jpg,sitting
Image_12217.jpg,standing
Image_12220.jpg,sleeping
Image_12221.jpg,standing
Image_12224.jpg,standing
Image_12225.jpg,standing
Image_12226.jpg,standing
Image_12228.jpg,sleeping
Image_12234.jpg,standing
Image_12246.jpg,standing
Image_12251.jpg,sleeping
Image_12258.jpg,standing
Image_12259.jpg,standing
Image_12262.jpg,standing
Image_12263.jpg,sleeping
Image_12265.jpg,sleeping
Image_12271.jpg,sitting
Image_12272.jpg,sitting
Image_12275.jpg,standing
Image_12281.jpg,sleeping
Image_12286.jpg,sitting
Image_12290.jpg,standing
Image_12293.jpg,sitting
Image_12297.jpg,standing
Image_12300.jpg,sitting
Image_12302.jpg,sitting
Image_12311.jpg,sitting
Image_12313.jpg,sleeping
Image_12318.jpg,sleeping
Image_12320.jpg,sleeping
Image_12323.jpg,standing
Image_12334.jpg,standing
Image_12336.jpg,standing
Image_12340.jpg,sleeping
Image_12345.jpg,sleeping
Image_12346.jpg,sitting
Image_12352.jpg,standing
Image_12356.jpg,sitting
Image_12357.jpg,sitting
Image_12365.jpg,standing
Image_12368.jpg,standing
Image_12373.jpg,standing
Image_12380.jpg,sleeping
Image_12382.jpg,standing
Image_12387.jpg,sitting
Image_12388.jpg,standing
Image_12392.jpg,sitting
Image_12401.jpg,sleeping
Image_12407.jpg,standing
Image_12409.jpg,standing
Image_12427.jpg,standing
Image_12431.jpg,sleeping
Image_12432.jpg,standing
Image_12437.jpg,sitting
Image_12445.jpg,sitting
Image_12457.jpg,sleeping
Image_12462.jpg,sleeping
Image_12468.jpg,standing
Image_12473.jpg,sitting
Image_12479.jpg,sleeping
Image_12490.jpg,sleeping
Image_12496.jpg,sleeping
Image_12502.jpg,sitting
Image_12504.jpg,standing
Image_12511.jpg,sitting
Image_12518.jpg,sitting
Image_12526.jpg,standing
Image_12527.jpg,standing
Image_12529.jpg,sitting
Image_12538.jpg,standing
Image_12577.jpg,sleeping
Image_12582.jpg,sitting
Image_12584.jpg,standing
Image_12594.jpg,sleeping
Image_12596.jpg,sitting
Image_12598.jpg,sitting
Image_42.jpg,sitting
Image_49.jpg,sitting
Image_53.jpg,sitting
Image_63.jpg,standing
Image_66.jpg,standing
Image_67.jpg,standing
Image_69.jpg,standing
Image_84.jpg,sitting
Image_88.jpg,sitting
Image_89.jpg,sleeping
Image_95.jpg,sitting
Image_96.jpg,sitting
Image_97.jpg,standing
Image_98.jpg,sitting
Image_99.jpg,standing
Image_102.jpg,standing
Image_103.jpg,standing
Image_384.jpg,sitting
Image_388.jpg,sitting
Image_393.jpg,sitting
Image_423.jpg,sitting
Image_441.jpg,standing
Image_456.jpg,standing
Image_458.jpg,sitting
Image_469.jpg,sitting
Image_478.jpg,standing
Image_492.jpg,sitting
Image_495.jpg,sitting
Image_498.jpg,standing
Image_501.jpg,standing
Image_508.jpg,sitting
Image_691.jpg,standing
Image_731.jpg,standing
Image_734.jpg,standing
Image_839.jpg,standing
Image_885.jpg,standing
Image_886.jpg,standing
Image_890.jpg,sitting
Image_905.jpg,sitting
